phone model,price
Apple iPhone X 256GB - GSM&CDMA Unlocked-USA Model-Apple Warranty-BRAND NEW!,$1133.00
Apple iPhone X - 64GB - Silver (Unlocked) A1865 (CDMA + GSM),$1100.00
New listing
		Apple iPhone X - 256GB - Space Gray (Unlocked) A1901 (GSM),$1100.00
24K Gold Plated Apple iPhone X - 256GB - Silver (Unlocked) Custom, 24 Karat,$1999.00
Apple iPhone X 256GB Space Gray GSM Factory Unlocked iOS Smartphone NEW,$1417.99
New listing
		Apple iPhone X - 64GB - Silver (Unlocked) Verizon, AT&T, T-Mobile FAST SHIP,$928.00
Apple iPhone X - 256GB - Space Gray (Unlocked),$1100.00
Trending at
$1133.00
Apple iPhone X - 64GB - Silver (Verizon Unlocked) Smartphone,$1100.00
New listing
		Apple iPhone X - 64GB - White (silver) (Unlocked) A1865 (CDMA + GSM),$950.00
Apple iPhone X - 256GB - Silver (Unlocked) CLEAN IMIE- New in Box! FAST SHIP,$1199.99
Apple iPhone X - 64GB - Space Gray (Factory Unlocked) - Brand New!!!,$1350.00
New listing
		Apple iPhone X - 64GB - Space Gray (Unlocked) BNIB -- No Reserve --,$770.00
New listing
		NEW Apple iPhone X 256GB GSM&CDMA Factory Unlocked USA Model Warranty Space Gray,$1299.99
Apple iPhone X 64GB Silver GSM Factory Unlocked Smartphone NEW,$1399.99
24K Gold Plated Apple iPhone X 256GB - Silver Unlocked Custom UNIQUE,$1999.00
New listing

				Apple iPhone X 64GB (FACTORY UNLOCKED) 5.8" Dual 12MP - Silver , Space Gray,$1149.99
New listing
		Apple iPhone X - 64GB - Space Gray (Unlocked) A1865 (CDMA + GSM),$1100.00
 Apple iPhone X - 64GB FACTORY UNLOCKED  *FREE FAST SHIPPING !,$1200.00
New listing
		Apple iPhone X - 64GB - Space Gray Unlocked,$792.77
New Apple iPhone X iPhone 64GB 256GB Space Gray Silver Factory Unlocked,$1149.99 to $1349.99
New listing
		White/silver(unlocked carrier) 256gb- Iphone X,$590.00
New listing
		Apple iPhone X - 64GB - Silver (Unlocked) A1865 (CDMA + GSM) Bundle w/ Extras!,$780.00
Factory Unlocked!!! SIM Free!!! Apple - iPhone X 256GB - Space Gray or Silver,$1499.99
Apple iPhone X 10 - 64GB - Space Gray (Unlocked) A1865,$1100.00
Apple iPhone X - 256GB - Silver (Unlocked) Smartphone,$1150.00
New listing
		Apple iPhone X - 64GB - Space Gray (Unlocked) A1901 (GSM),$835.00
Apple iPhone X - 64GB - Silver (Factory Unlocked) A1865 (CDMA + GSM),$919.00
New listing
		Apple iPhone X - 64GB - White (silver) (Unlocked) A1865 (CDMA + GSM,$730.00
New listing
		Apple iPhone X - 256GB - Silver A1901 (Factory Unlocked),$859.00
Apple iPhone X - 256GB - (Unlocked),$1140.00
New listing
		Apple iPhone X - 64GB - Silver (Unlocked) + Un-used Original Accessories!,$990.00
New listing
		Apple iPhone X - 256GB - Silver (Unlocked) A1865 (CDMA + GSM),$875.00
New listing
		Apple iPhone X - 256GB - Silver (Unlocked) - A1865,$840.00
Apple iPhone X - 64GB - Space Gray (Unlocked) A1865 (CDMA + GSM),$1275.00
IPhone x 256gb unlocked CDMA+GSM,$950.00
Apple iPhone X - 256GB - Silver (Unlocked) 1865(GSM),$1110.00
New listing
		MINT Apple iPhone X - 256GB (AT&T UNLOCKED) A1901 GSM - Space Gray w/ Box,$900.00
Apple iPhone X (64G) Space Silver - FACTORY UNLOCKED,$999.95
24K Gold Plated Apple iPhone X - 64GB - Space Gray (Unlocked) Custom, 24 Karat,$1299.99
$750 Apple iPhone X - 256GB - Space Gray (Unlocked),$1999.00
NEW Apple iPhone X 10 Space Gray 256GB Apple Factory Unlocked GSM + CDMA A1865,$960.00
Apple iPhone X - 256GB - Silver (Unlocked) A1865 (CDMA + GSM),$1175.00
Trending at
$1275.00
Apple iPhone X - 64GB - Space Gray (Unlocked),$960.00
Apple iPhone X - 256GB - Space Gray (Unlocked) Smartphone,$770.00
New listing
		Apple iPhone X - 64GB - Space Gray (Unlocked) A1901 (GSM),$1900.00
Apple iPhone X - 64GB - Space Gray (Unlocked) A1901 (GSM),$780.00
Apple iPhone X - 256GB - Space Gray (Unlocked) A1901 (GSM),$760.00
Apple iPhone X - 256GB - Space Gray (Unlocked) A1865 (CDMA + GSM),$996.99
Apple iPhone X - 64GB - Silver (Unlocked) A1901 (GSM),$910.00
Apple iPhone X - 256GB - Space Gray (Unlocked) A1901 (GSM),$980.00
Apple iPhone X - 64GB - Silver (Unlocked) A1865 (CDMA + GSM),$891.00
Apple iPhone X - 256GB - Space Gray (Unlocked) A1865 (CDMA + GSM) + AppleCare NR,$840.00
Apple iPhone X - 256GB - Space Gray (Unlocked) Smartphone,$1058.00
Apple iPhone X - 64GB - Space Gray (Unlocked) A1865 (CDMA + GSM),$1900.00
Apple iPhone X - 256GB - Silver (Unlocked) A1865 (CDMA + GSM),$910.00
Apple iPhone X - 64GB - Silver (Unlocked) A1901 (GSM),$1050.00
Apple iPhone X - 64GB - Silver (Unlocked) A1865 (CDMA + GSM),$731.00
iPhone X Silver 256gb Ultimate Bundle Factory Sealed New UNLOCKED WORLD WIDE!,$660.00
Apple iPhone X - 64GB - Silver (Unlocked) A1901 (GSM),$1950.00
APPLE iPHONE X GSM UNLOCKED SPACE GREY 64GB FREE SHIPPING + GIFT !!,$1500.00
None,$1199.99
